{"cameraMode":{"drawMode":0,"name":"Shaded","section":"Shading Mode"},"sceneLighting":true,"audioPlay":false,"sceneViewState":{"showFog":true,"showMaterialUpdate":false,"showSkybox":true,"showFlares":true,"showImageEffects":true,"showParticleSystems":true},"in2DMode":false,"pivot":{"x":0.010449226945638657,"y":0.4321563243865967,"z":-0.21975231170654298},"rotation":{"x":-0.03947184234857559,"y":0.9590773582458496,"z":-0.1694752275943756,"w":-0.22343596816062928},"size":0.8660251498222351,"orthographic":false}