{"cameraMode":{"drawMode":0,"name":"Shaded","section":"Shading Mode"},"sceneLighting":true,"audioPlay":false,"sceneViewState":{"showFog":true,"showMaterialUpdate":false,"showSkybox":true,"showFlares":true,"showImageEffects":true,"showParticleSystems":true},"in2DMode":false,"pivot":{"x":0.010449226945638657,"y":0.4321563243865967,"z":-0.21975231170654298},"rotation":{"x":0.08746080845594406,"y":-0.8956835269927979,"z":0.2030228078365326,"w":0.38588574528694155},"size":1.166025161743164,"orthographic":false}