{"cameraMode":{"drawMode":0,"name":"Shaded","section":"Shading Mode"},"sceneLighting":true,"audioPlay":false,"sceneViewState":{"showFog":true,"showMaterialUpdate":false,"showSkybox":true,"showFlares":true,"showImageEffects":true,"showParticleSystems":true},"in2DMode":false,"pivot":{"x":-0.02642279863357544,"y":0.8358373045921326,"z":0.0},"rotation":{"x":0.0010397874284535647,"y":0.9981187582015991,"z":-0.017366992309689523,"w":0.05907217413187027},"size":1.447706937789917,"orthographic":false}