{"cameraMode":{"drawMode":0,"name":"Shaded","section":"Shading Mode"},"sceneLighting":true,"audioPlay":false,"sceneViewState":{"showFog":true,"showMaterialUpdate":false,"showSkybox":true,"showFlares":true,"showImageEffects":true,"showParticleSystems":true},"in2DMode":false,"pivot":{"x":-0.4809077978134155,"y":0.9310814738273621,"z":0.28158149123191836},"rotation":{"x":0.004148520529270172,"y":-0.9776575565338135,"z":0.209298774600029,"w":0.01935516484081745},"size":1.1900174617767335,"orthographic":false}