{"cameraMode":{"drawMode":0,"name":"Shaded","section":"Shading Mode"},"sceneLighting":false,"audioPlay":false,"sceneViewState":{"showFog":true,"showMaterialUpdate":false,"showSkybox":true,"showFlares":true,"showImageEffects":true,"showParticleSystems":true},"in2DMode":false,"pivot":{"x":0.4129042625427246,"y":0.2743344306945801,"z":1.2275705337524415},"rotation":{"x":-0.1946428120136261,"y":0.4916214644908905,"z":-0.11376158148050308,"w":-0.8411508202552795},"size":2.0102479457855226,"orthographic":false}