{"cameraMode":{"drawMode":0,"name":"Shaded","section":"Shading Mode"},"sceneLighting":false,"audioPlay":false,"sceneViewState":{"showFog":true,"showMaterialUpdate":false,"showSkybox":true,"showFlares":true,"showImageEffects":true,"showParticleSystems":true},"in2DMode":false,"pivot":{"x":-0.1285496950149536,"y":0.3925425410270691,"z":-1.209425926208496},"rotation":{"x":-0.16913387179374696,"y":0.6162472367286682,"z":-0.1377553641796112,"w":-0.7567692399024963},"size":2.091825246810913,"orthographic":false}